<?xml version="1.0" encoding="UTF-8" standalone="yes"?>
<addon id="script.module.jumpy"
		name="jumpy"
		version="0.2.7"
		provider-name="infidel">
	<requires>
		<import addon="script.module.urlresolver" version="0.0.1"/>
		<import addon="plugin.video.youtube" version="3.3.0"/>
	</requires>
	<extension point="xbmc.python.pluginsource">
		<provides>executable</provides>
	</extension>
	<extension point="xbmc.addon.metadata">
		<platform>all</platform>
		<summary lang="en">Installs a few addons for the PMS/UMS jumpy-xbmc plugin.</summary>
		<description lang="en">Updating the jumpy program addon ensures that the urlresolver and youtube addon are installed.</description>
	</extension>
</addon>
